customer_id,name,age,city,occupation
C051,Devansh Dalal,30,Hyderabad,Sales Manager
C052,Daksha Shukla,69,Pune,Lawyer
C053,Indira Mahal,41,Mumbai,Engineer
C054,Warinder Ganguly,47,Ahmedabad,Doctor
C055,Amrita Buch,47,Bangalore,Designer
C056,Yashvi Bhattacharyya,53,Delhi,Sales Manager
C057,Maanas Basak,23,Delhi,Business Owner
C058,Ekta More,25,Mumbai,Accountant
C059,Naksh Kadakia,53,Ahmedabad,Business Owner
C060,Aarna Jain,31,Hyderabad,Sales Manager
C061,Sudiksha Lad,44,Kolkata,Doctor
C062,Eiravati Sarna,23,Ahmedabad,Business Owner
C063,Chaman Vig,61,Mumbai,Doctor
C064,Megha Morar,35,Bangalore,Lawyer
C065,Praneel Andra,42,Delhi,Lawyer
C066,Alexander Devi,69,Delhi,Lawyer
C067,Elijah Shukla,48,Mumbai,Accountant
C068,Jonathan Parekh,38,Kolkata,Business Owner
C069,Veda Choudhury,63,Ahmedabad,Doctor
C070,Amrita Kale,49,Mumbai,Doctor
C071,Lipika Raj,25,Kolkata,Business Owner
C072,Robert Sabharwal,63,Bangalore,Accountant
C073,Gauri Khalsa,27,Ahmedabad,Designer
C074,Sara Cherian,23,Pune,Designer
C075,Daniel Keer,29,Pune,Accountant
C076,William Goswami,28,Kolkata,Doctor
C077,Ganga Kara,55,Hyderabad,Designer
C078,Jai Yadav,42,Ahmedabad,Designer
C079,Balendra Peri,60,Delhi,Doctor
C080,Aishani Shetty,51,Bangalore,Business Owner
C081,Xavier Dash,51,Hyderabad,Engineer
C082,Wyatt Behl,42,Chennai,Lawyer
C083,Abha Goda,32,Pune,Sales Manager
C084,Balhaar Bala,60,Mumbai,Engineer
C085,Avni Mukherjee,21,Chennai,Doctor
C086,Aarush Nori,66,Bangalore,Engineer
C087,Oliver Minhas,21,Kolkata,Teacher
C088,Rajeshri Nayar,22,Chennai,Lawyer
C089,Warinder Kalla,50,Kolkata,Lawyer
C090,Fiyaz Hegde,68,Kolkata,Accountant
C091,Faqid Comar,42,Kolkata,Accountant
C092,Shravya Sibal,68,Mumbai,Sales Manager
C093,Balendra Nagar,39,Chennai,Sales Manager
C094,Jagdish Goyal,25,Hyderabad,Lawyer
C095,Aditya Varughese,50,Mumbai,Designer
C096,Omaja Andra,39,Mumbai,Lawyer
C097,Avni Dara,61,Ahmedabad,Engineer
C098,Jack Bail,32,Kolkata,Doctor
C099,Pavani Sarma,35,Mumbai,Teacher
