policy_id,customer_id,policy_type,start_date,premium,end_date
P001,C042,Motor,2026-05-22,12334,2027-05-22
P002,C043,Travel,2026-10-04,7132,2027-10-04
P003,C047,Home,2025-12-31,25707,2026-12-31
P004,C016,Travel,2026-07-04,21848,2027-07-04
P005,C030,Home,2026-09-02,34853,2027-09-02
P006,C004,Travel,2026-10-01,31534,2027-10-01
P007,C036,Motor,2025-11-15,12995,2026-11-15
P008,C006,Motor,2026-06-02,19317,2027-06-02
P009,C015,Travel,2026-05-08,41377,2027-05-08
P010,C035,Home,2025-11-14,13800,2026-11-14
P011,C050,Motor,2026-06-21,34091,2027-06-21
P012,C042,Home,2025-10-17,26203,2026-10-17
P013,C007,Travel,2025-10-17,26615,2026-10-17
P014,C042,Home,2025-10-28,9315,2026-10-28
P015,C002,Motor,2026-06-11,14757,2027-06-11
P016,C026,Health,2025-10-05,44957,2026-10-05
P017,C039,Travel,2025-11-23,28209,2026-11-23
P018,C024,Health,2025-12-05,16742,2026-12-05
P019,C013,Health,2025-11-24,27299,2026-11-24
P020,C002,Home,2025-10-17,28744,2026-10-17
P021,C043,Travel,2026-09-27,18209,2027-09-27
P022,C015,Travel,2026-08-07,12908,2027-08-07
P023,C032,Motor,2026-05-31,14633,2027-05-31
P024,C033,Health,2026-08-21,17911,2027-08-21
P025,C047,Motor,2026-02-09,18964,2027-02-09
P026,C039,Home,2026-03-31,24669,2027-03-31
P027,C001,Health,2026-04-16,11308,2027-04-16
P028,C017,Travel,2026-05-07,28367,2027-05-07
P029,C001,Travel,2025-10-08,33979,2026-10-08
P030,C037,Home,2026-07-28,26950,2027-07-28
P031,C042,Travel,2026-02-12,38480,2027-02-12
P032,C013,Travel,2026-07-27,11800,2027-07-27
P033,C029,Health,2026-05-26,44146,2027-05-26
P034,C016,Health,2026-02-19,43295,2027-02-19
P035,C025,Home,2025-12-03,13925,2026-12-03
P036,C012,Home,2026-04-22,35582,2027-04-22
P037,C005,Travel,2026-01-24,39657,2027-01-24
P038,C022,Motor,2026-09-15,36137,2027-09-15
P039,C045,Health,2026-08-27,34727,2027-08-27
P040,C022,Travel,2026-08-26,46033,2027-08-26
P041,C006,Motor,2026-02-03,43662,2027-02-03
P042,C025,Motor,2025-11-01,36333,2026-11-01
P043,C025,Travel,2026-07-29,12066,2027-07-29
P044,C020,Health,2025-12-29,26750,2026-12-29
P045,C020,Health,2026-06-27,47126,2027-06-27
P046,C028,Health,2026-08-08,40000,2027-08-08
P047,C050,Motor,2026-04-01,18598,2027-04-01
P048,C026,Motor,2026-06-12,11687,2027-06-12
P049,C001,Health,2026-06-03,20406,2027-06-03
P050,C048,Health,2025-12-13,36781,2026-12-13
